SYMBOL,NAME OF COMPANY,SERIES,DATE OF LISTING,PAID UP VALUE,MARKET LOT,ISIN NUMBER,FACE VALUE,INDUSTRY
360ONE,360 ONE WAM LIMITED,EQ,19-SEP-2019,1,1,INE466L01038,1,Financial Services
3MINDIA,3M India Limited,EQ,13-AUG-2004,10,1,INE470A01017,10,Diversified
ABB,ABB India Limited,EQ,08-FEB-1995,2,1,INE117A01022,2,Capital Goods
ACC,ACC Limited,EQ,20-NOV-1996,10,1,INE012A01025,10,Construction Materials
AIAENG,AIA Engineering Limited,EQ,14-DEC-2005,2,1,INE212H01026,2,Capital Goods
APLAPOLLO,APL Apollo Tubes Limited,EQ,14-DEC-2011,2,1,INE702C01027,2,Capital Goods
AUBANK,AU Small Finance Bank Limited,EQ,10-JUL-2017,10,1,INE949L01017,10,Financial Services
AARTIIND,Aarti Industries Limited,EQ,08-FEB-1995,5,1,INE769A01020,5,Chemicals
AAVAS,Aavas Financiers Limited,EQ,08-OCT-2018,10,1,INE216P01012,10,Financial Services
ABBOTINDIA,Abbott India Limited,EQ,08-JAN-2010,10,1,INE358A01014,10,Healthcare
ACE,Action Construction Equipment Limited,EQ,26-SEP-2006,2,1,INE731H01025,2,Capital Goods
ADANIENSOL,Adani Energy Solutions Limited,EQ,31-JUL-2015,10,1,INE931S01010,10,Power
ADANIENT,Adani Enterprises Limited,EQ,04-JUN-1997,1,1,INE423A01024,1,Metals & Mining
ADANIGREEN,Adani Green Energy Limited,EQ,18-JUN-2018,10,1,INE364U01010,10,Power
ADANIPORTS,Adani Ports and Special Economic Zone Limited,EQ,27-NOV-2007,2,1,INE742F01042,2,Services
ADANIPOWER,Adani Power Limited,EQ,20-AUG-2009,10,1,INE814H01011,10,Power
ATGL,Adani Total Gas Limited,EQ,05-NOV-2018,1,1,INE399L01023,1,Oil Gas & Consumable Fuels
AWL,Adani Wilmar Limited,EQ,08-FEB-2022,1,1,INE699H01024,1,Fast Moving Consumer Goods
ABCAPITAL,Aditya Birla Capital Limited,EQ,01-SEP-2017,10,1,INE674K01013,10,Financial Services
ABFRL,Aditya Birla Fashion and Retail Limited,EQ,17-JUL-2013,10,1,INE647O01011,10,Consumer Services
AEGISLOG,Aegis Logistics Limited,EQ,03-APR-1996,1,1,INE208C01025,1,Oil Gas & Consumable Fuels
AETHER,Aether Industries Limited,EQ,03-JUN-2022,10,1,INE0BWX01014,10,Chemicals
AFFLE,Affle (India) Limited,EQ,08-AUG-2019,2,1,INE00WC01027,2,Information Technology
AJANTPHARM,Ajanta Pharma Limited,EQ,29-MAY-2000,2,1,INE031B01049,2,Healthcare
APLLTD,Alembic Pharmaceuticals Limited,EQ,20-SEP-2011,2,1,INE901L01018,2,Healthcare
ALKEM,Alkem Laboratories Limited,EQ,23-DEC-2015,2,1,INE540L01014,2,Healthcare
ALKYLAMINE,Alkyl Amines Chemicals Limited,EQ,26-NOV-2007,2,1,INE150B01039,2,Chemicals
ALLCARGO,Allcargo Logistics Limited,EQ,23-JUN-2006,2,1,INE418H01029,2,Services
ALOKINDS,Alok Industries Limited,EQ,19-FEB-2020,1,1,INE270A01029,1,Textiles
ARE&M,Amara Raja Energy & Mobility Limited,EQ,05-SEP-2003,1,1,INE885A01032,1,Automobile and Auto Components
AMBER,Amber Enterprises India Limited,EQ,30-JAN-2018,10,1,INE371P01015,10,Consumer Durables
AMBUJACEM,Ambuja Cements Limited,EQ,18-FEB-1998,2,1,INE079A01024,2,Construction Materials
ANANDRATHI,Anand Rathi Wealth Limited,EQ,14-DEC-2021,5,1,INE463V01026,5,Financial Services
ANGELONE,Angel One Limited,EQ,05-OCT-2020,10,1,INE732I01013,10,Financial Services
ANURAS,Anupam Rasayan India Limited,EQ,24-MAR-2021,10,1,INE930P01018,10,Chemicals
APARINDS,Apar Industries Limited,EQ,12-JUL-2004,10,1,INE372A01015,10,Capital Goods
APOLLOHOSP,Apollo Hospitals Enterprise Limited,EQ,10-JAN-1996,5,1,INE437A01024,5,Healthcare
APOLLOTYRE,Apollo Tyres Limited,EQ,31-MAY-1995,1,1,INE438A01022,1,Automobile and Auto Components
APTUS,Aptus Value Housing Finance India Limited,EQ,24-AUG-2021,2,1,INE852O01025,2,Financial Services
ACI,Archean Chemical Industries Limited,EQ,21-NOV-2022,2,1,INE128X01021,2,Chemicals
ASAHIINDIA,Asahi India Glass Limited,EQ,18-MAR-1998,1,1,INE439A01020,1,Automobile and Auto Components
ASHOKLEY,Ashok Leyland Limited,EQ,25-MAY-1995,1,1,INE208A01029,1,Capital Goods
ASIANPAINT,Asian Paints Limited,EQ,31-MAY-1995,1,1,INE021A01026,1,Consumer Durables
ASTERDM,Aster DM Healthcare Limited,EQ,26-FEB-2018,10,1,INE914M01019,10,Healthcare
ASTRAZEN,AstraZeneca Pharma India Limited,EQ,04-MAY-2001,2,1,INE203A01020,2,Healthcare
ASTRAL,Astral Limited,EQ,20-MAR-2007,1,1,INE006I01046,1,Capital Goods
ATUL,Atul Limited,EQ,06-MAY-1998,10,1,INE100A01010,10,Chemicals
AUROPHARMA,Aurobindo Pharma Limited,EQ,19-JUL-2000,1,1,INE406A01037,1,Healthcare
AVANTIFEED,Avanti Feeds Limited,EQ,15-APR-2015,1,1,INE871C01038,1,Fast Moving Consumer Goods
DMART,Avenue Supermarts Limited,EQ,21-MAR-2017,10,1,INE192R01011,10,Consumer Services
AXISBANK,Axis Bank Limited,EQ,16-NOV-1998,2,1,INE238A01034,2,Financial Services
BEML,BEML Limited,EQ,05-NOV-2003,10,1,INE258A01016,10,Capital Goods
BLS,BLS International Services Limited,EQ,14-JUN-2016,1,1,INE153T01027,1,Consumer Services
BSE,BSE Limited,EQ,03-FEB-2017,2,1,INE118H01025,2,Financial Services
BAJAJ-AUTO,Bajaj Auto Limited,EQ,26-MAY-2008,10,1,INE917I01010,10,Automobile and Auto Components
BAJFINANCE,Bajaj Finance Limited,EQ,01-APR-2003,2,1,INE296A01024,2,Financial Services
BAJAJFINSV,Bajaj Finserv Limited,EQ,26-MAY-2008,1,1,INE918I01026,1,Financial Services
BAJAJHLDNG,Bajaj Holdings & Investment Limited,EQ,15-MAR-1995,10,1,INE118A01012,10,Financial Services
BALAMINES,Balaji Amines Limited,EQ,05-APR-2007,2,1,INE050E01027,2,Chemicals
BALKRISIND,Balkrishna Industries Limited,EQ,27-JAN-2006,2,1,INE787D01026,2,Automobile and Auto Components
BALRAMCHIN,Balrampur Chini Mills Limited,EQ,08-FEB-1995,1,1,INE119A01028,1,Fast Moving Consumer Goods
BANDHANBNK,Bandhan Bank Limited,EQ,27-MAR-2018,10,1,INE545U01014,10,Financial Services
BANKBARODA,Bank of Baroda,EQ,19-FEB-1997,2,1,INE028A01039,2,Financial Services
BANKINDIA,Bank of India,EQ,30-APR-1997,10,1,INE084A01016,10,Financial Services
MAHABANK,Bank of Maharashtra,EQ,12-APR-2004,10,1,INE457A01014,10,Financial Services
BATAINDIA,Bata India Limited,EQ,18-JUN-2003,5,1,INE176A01028,5,Consumer Durables
BAYERCROP,Bayer Cropscience Limited,EQ,08-JAN-2010,10,1,INE462A01022,10,Chemicals
BERGEPAINT,Berger Paints (I) Limited,EQ,24-NOV-1999,1,1,INE463A01038,1,Consumer Durables
BDL,Bharat Dynamics Limited,EQ,23-MAR-2018,10,1,INE171Z01018,10,Capital Goods
BEL,Bharat Electronics Limited,EQ,19-JUL-2000,1,1,INE263A01024,1,Capital Goods
BHARATFORG,Bharat Forge Limited,EQ,04-APR-2003,2,1,INE465A01025,2,Automobile and Auto Components
BHEL,Bharat Heavy Electricals Limited,EQ,11-NOV-2003,2,1,INE257A01026,2,Capital Goods
BPCL,Bharat Petroleum Corporation Limited,EQ,13-SEP-1995,10,1,INE029A01011,10,Oil Gas & Consumable Fuels
BHARTIARTL,Bharti Airtel Limited,EQ,15-FEB-2002,5,1,INE397D01024,5,Telecommunication
BIKAJI,Bikaji Foods International Limited,EQ,16-NOV-2022,1,1,INE00E101023,1,Fast Moving Consumer Goods
BIOCON,Biocon Limited,EQ,07-APR-2004,5,1,INE376G01013,5,Healthcare
BIRLACORPN,Birla Corporation Limited,EQ,12-APR-1995,10,1,INE340A01012,10,Construction Materials
BSOFT,BIRLASOFT LIMITED,EQ,24-NOV-1999,2,1,INE836A01035,2,Information Technology
BLUEDART,Blue Dart Express Limited,EQ,12-DEC-2002,10,1,INE233B01017,10,Services
BLUESTARCO,Blue Star Limited,EQ,15-JUN-2000,2,1,INE472A01039,2,Consumer Durables
BBTC,Bombay Burmah Trading Corporation Limited,EQ,03-APR-1996,2,1,INE050A01025,2,Fast Moving Consumer Goods
BORORENEW,BOROSIL RENEWABLES LIMITED,EQ,25-MAY-2018,1,1,INE666D01022,1,Capital Goods
BOSCHLTD,Bosch Limited,EQ,12-MAY-2003,10,1,INE323A01026,10,Automobile and Auto Components
BRIGADE,Brigade Enterprises Limited,EQ,31-DEC-2007,10,1,INE791I01019,10,Realty
BRITANNIA,Britannia Industries Limited,EQ,05-NOV-1998,1,1,INE216A01030,1,Fast Moving Consumer Goods
MAPMYINDIA,C.E. Info Systems Limited,EQ,21-DEC-2021,2,1,INE0BV301023,2,Information Technology
CCL,CCL Products (India) Limited,EQ,07-JUN-2004,2,1,INE421D01022,2,Fast Moving Consumer Goods
CESC,CESC Limited,EQ,08-FEB-1995,1,1,INE486A01021,1,Power
CGPOWER,CG Power and Industrial Solutions Limited,EQ,01-MAR-1995,2,1,INE067A01029,2,Capital Goods
CIEINDIA,CIE Automotive India Limited,EQ,30-AUG-2007,10,1,INE536H01010,10,Automobile and Auto Components
CRISIL,CRISIL Limited,EQ,28-JUN-1995,1,1,INE007A01025,1,Financial Services
CSBBANK,CSB Bank Limited,EQ,04-DEC-2019,10,1,INE679A01013,10,Financial Services
CAMPUS,Campus Activewear Limited,EQ,09-MAY-2022,5,1,INE278Y01022,5,Consumer Durables
CANFINHOME,Can Fin Homes Limited,EQ,10-MAY-1995,2,1,INE477A01020,2,Financial Services
CANBK,Canara Bank,EQ,23-DEC-2002,10,1,INE476A01014,10,Financial Services
CAPLIPOINT,Caplin Point Laboratories Limited,EQ,23-JUN-2014,2,1,INE475E01026,2,Healthcare
CGCL,Capri Global Capital Limited,EQ,29-OCT-2010,1,1,INE180C01042,1,Financial Services
CARBORUNIV,Carborundum Universal Limited,EQ,03-APR-1996,1,1,INE120A01034,1,Capital Goods
CASTROLIND,Castrol India Limited,EQ,14-MAR-2014,5,1,INE172A01027,5,Oil Gas & Consumable Fuels
CEATLTD,CEAT Limited,EQ,01-FEB-2008,10,1,INE482A01020,10,Automobile and Auto Components
CELLO,Cello World Limited,EQ,06-NOV-2023,5,1,INE0LMW01024,5,Consumer Durables
CENTRALBK,Central Bank of India,EQ,21-AUG-2007,10,1,INE483A01010,10,Financial Services
CDSL,Central Depository Services (India) Limited,EQ,30-JUN-2017,10,1,INE736A01011,10,Financial Services
CENTURYPLY,Century Plyboards (India) Limited,EQ,23-MAR-2006,1,1,INE348B01021,1,Consumer Durables
ABREL,Century Textiles & Industries Limited,EQ,27-JUN-2003,10,1,INE055A01016,10,Forest Materials
CERA,Cera Sanitaryware Limited,EQ,02-NOV-2007,5,1,INE739E01017,5,Consumer Durables
CHALET,Chalet Hotels Limited,EQ,07-FEB-2019,10,1,INE427F01016,10,Consumer Services
CHAMBLFERT,Chambal Fertilizers & Chemicals Limited,EQ,14-JUN-1995,10,1,INE085A01013,10,Chemicals
CHEMPLASTS,Chemplast Sanmar Limited,EQ,24-AUG-2021,5,1,INE488A01050,5,Chemicals
CHENNPETRO,Chennai Petroleum Corporation Limited,EQ,07-JUN-2000,10,1,INE178A01016,10,Oil Gas & Consumable Fuels
CHOLAHLDNG,Cholamandalam Financial Holdings Limited,EQ,25-SEP-2017,1,1,INE149A01033,1,Financial Services
CHOLAFIN,Cholamandalam Investment and Finance Company Limited,EQ,15-MAY-1996,2,1,INE121A01024,2,Financial Services
CIPLA,Cipla Limited,EQ,08-FEB-1995,2,1,INE059A01026,2,Healthcare
CUB,City Union Bank Limited,EQ,25-AUG-1998,1,1,INE491A01021,1,Financial Services
CLEAN,Clean Science and Technology Limited,EQ,19-JUL-2021,1,1,INE227W01023,1,Chemicals
COALINDIA,Coal India Limited,EQ,04-NOV-2010,10,1,INE522F01014,10,Oil Gas & Consumable Fuels
COCHINSHIP,Cochin Shipyard Limited,EQ,11-AUG-2017,5,1,INE704P01025,5,Capital Goods
COFORGE,Coforge Limited,EQ,30-AUG-2004,10,1,INE591G01017,10,Information Technology
COLPAL,Colgate Palmolive (India) Limited,EQ,17-DEC-2007,1,1,INE259A01022,1,Fast Moving Consumer Goods
CAMS,Computer Age Management Services Limited,EQ,07-MAY-2021,10,1,INE596I01012,10,Financial Services
CONCORDBIO,Concord Biotech Limited,EQ,18-AUG-2023,1,1,INE338H01029,1,Healthcare
CONCOR,Container Corporation of India Limited,EQ,07-MAY-1997,5,1,INE111A01025,5,Services
COROMANDEL,Coromandel International Limited,EQ,31-MAY-1995,1,1,INE169A01031,1,Chemicals
CRAFTSMAN,Craftsman Automation Limited,EQ,25-MAR-2021,5,1,INE00LO01017,5,Automobile and Auto Components
CREDITACC,CREDITACCESS GRAMEEN LIMITED,EQ,23-AUG-2018,10,1,INE741K01010,10,Financial Services
CROMPTON,Crompton Greaves Consumer Electricals Limited,EQ,13-MAY-2016,2,1,INE299U01018,2,Consumer Durables
CUMMINSIND,Cummins India Limited,EQ,29-MAR-1995,2,1,INE298A01020,2,Capital Goods
CYIENT,Cyient Limited,EQ,30-SEP-1998,5,1,INE136B01020,5,Information Technology
DCMSHRIRAM,DCM Shriram Limited,EQ,12-APR-1995,2,1,INE499A01024,2,Diversified
DLF,DLF Limited,EQ,05-JUL-2007,2,1,INE271C01023,2,Realty
DOMS,DOMS Industries Limited,EQ,20-DEC-2023,10,1,INE321T01012,10,Fast Moving Consumer Goods
DABUR,Dabur India Limited,EQ,28-APR-1999,1,1,INE016A01026,1,Fast Moving Consumer Goods
DALBHARAT,Dalmia Bharat Limited,EQ,22-JAN-2019,2,1,INE00R701025,2,Construction Materials
DATAPATTNS,Data Patterns (India) Limited,EQ,24-DEC-2021,2,1,INE0IX101010,2,Capital Goods
DEEPAKFERT,Deepak Fertilizers and Petrochemicals Corporation Limited,EQ,17-JAN-2003,10,1,INE501A01019,10,Chemicals
DEEPAKNTR,Deepak Nitrite Limited,EQ,29-SEP-2010,2,1,INE288B01029,2,Chemicals
DELHIVERY,Delhivery Limited,EQ,24-MAY-2022,1,1,INE148O01028,1,Services
DEVYANI,Devyani International Limited,EQ,16-AUG-2021,1,1,INE872J01023,1,Consumer Services
DIVISLAB,Divi's Laboratories Limited,EQ,12-MAR-2003,2,1,INE361B01024,2,Healthcare
DIXON,Dixon Technologies (India) Limited,EQ,18-SEP-2017,2,1,INE935N01020,2,Consumer Durables
LALPATHLAB,Dr. Lal Path Labs Ltd.,EQ,23-DEC-2015,10,1,INE600L01024,10,Healthcare
DRREDDY,Dr. Reddy's Laboratories Limited,EQ,30-MAY-2003,5,1,INE089A01023,5,Healthcare
EIDPARRY,EID Parry India Limited,EQ,10-MAY-1995,1,1,INE126A01031,1,Chemicals
EIHOTEL,EIH Limited,EQ,08-FEB-1995,2,1,INE230A01023,2,Consumer Services
EPL,EPL Limited,EQ,11-FEB-2002,2,1,INE255A01020,2,Capital Goods
EASEMYTRIP,Easy Trip Planners Limited,EQ,19-MAR-2021,1,1,INE07O001026,1,Consumer Services
EICHERMOT,Eicher Motors Limited,EQ,07-SEP-2004,1,1,INE066A01021,1,Automobile and Auto Components
ELECON,Elecon Engineering Company Limited,EQ,29-SEP-2006,2,1,INE205B01023,2,Capital Goods
ELGIEQUIP,Elgi Equipments Limited,EQ,22-NOV-1995,1,1,INE285A01027,1,Capital Goods
EMAMILTD,Emami Limited,EQ,03-AUG-2006,1,1,INE548C01032,1,Fast Moving Consumer Goods
ENDURANCE,Endurance Technologies Limited,EQ,19-OCT-2016,10,1,INE913H01037,10,Automobile and Auto Components
ENGINERSIN,Engineers India Limited,EQ,20-AUG-1997,5,1,INE510A01028,5,Construction
EQUITASBNK,Equitas Small Finance Bank Limited,EQ,02-NOV-2020,10,1,INE063P01018,10,Financial Services
ERIS,Eris Lifesciences Limited,EQ,29-JUN-2017,1,1,INE406M01024,1,Healthcare
ESCORTS,Escorts Kubota Limited,EQ,01-MAR-1995,10,1,INE042A01014,10,Capital Goods
EXIDEIND,Exide Industries Limited,EQ,17-JUN-2003,1,1,INE302A01020,1,Automobile and Auto Components
FDC,FDC Limited,EQ,07-AUG-1997,1,1,INE258B01022,1,Healthcare
NYKAA,FSN E-Commerce Ventures Limited,EQ,10-NOV-2021,1,1,INE388Y01029,1,Consumer Services
FEDERALBNK,The Federal Bank  Limited,EQ,08-FEB-1995,2,1,INE171A01029,2,Financial Services
FACT,Fertilizers and Chemicals Travancore Limited,EQ,12-APR-1995,10,1,INE188A01015,10,Chemicals
FINEORG,Fine Organic Industries Limited,EQ,02-JUL-2018,5,1,INE686Y01026,5,Chemicals
FINCABLES,Finolex Cables Limited,EQ,15-FEB-1995,2,1,INE235A01022,2,Capital Goods
FINPIPE,Finolex Industries Limited,EQ,08-FEB-1995,2,1,INE183A01024,2,Capital Goods
FSL,Firstsource Solutions Limited,EQ,22-FEB-2007,10,1,INE684F01012,10,Services
FIVESTAR,Five-Star Business Finance Limited,EQ,21-NOV-2022,1,1,INE128S01021,1,Financial Services
FORTIS,Fortis Healthcare Limited,EQ,09-MAY-2007,10,1,INE061F01013,10,Healthcare
GAIL,GAIL (India) Limited,EQ,02-APR-1997,10,1,INE129A01019,10,Oil Gas & Consumable Fuels
GMMPFAUDLR,GMM Pfaudler Limited,EQ,05-MAR-2018,2,1,INE541A01023,2,Capital Goods
GMRAIRPORT,GMR Airports Infrastructure Limited,EQ,21-AUG-2006,1,1,INE776C01039,1,Services
GRSE,Garden Reach Shipbuilders & Engineers Limited,EQ,10-OCT-2018,10,1,INE382Z01011,10,Capital Goods
GICRE,General Insurance Corporation of India,EQ,25-OCT-2017,5,1,INE481Y01014,5,Financial Services
GILLETTE,Gillette India Limited,EQ,30-JUL-2003,10,1,INE322A01010,10,Fast Moving Consumer Goods
GLAND,Gland Pharma Limited,EQ,20-NOV-2020,1,1,INE068V01023,1,Healthcare
GLAXO,GlaxoSmithKline Pharmaceuticals Limited,EQ,15-DEC-2000,10,1,INE159A01016,10,Healthcare
GLS,Glenmark Life Sciences Limited,EQ,06-AUG-2021,2,1,INE03Q201024,2,Healthcare
GLENMARK,Glenmark Pharmaceuticals Limited,EQ,07-FEB-2000,1,1,INE935A01035,1,Healthcare
MEDANTA,Global Health Limited,EQ,16-NOV-2022,2,1,INE474Q01031,2,Healthcare
GPIL,Godawari Power And Ispat limited,EQ,25-APR-2006,5,1,INE177H01021,5,Capital Goods
GODFRYPHLP,Godfrey Phillips India Limited,EQ,24-JUL-1996,2,1,INE260B01028,2,Fast Moving Consumer Goods
GODREJCP,Godrej Consumer Products Limited,EQ,20-JUN-2001,1,1,INE102D01028,1,Fast Moving Consumer Goods
GODREJIND,Godrej Industries Limited,EQ,25-FEB-2003,1,1,INE233A01035,1,Diversified
GODREJPROP,Godrej Properties Limited,EQ,05-JAN-2010,5,1,INE484J01027,5,Realty
GRANULES,Granules India Limited,EQ,20-JUN-2005,1,1,INE101D01020,1,Healthcare
GRAPHITE,Graphite India Limited,EQ,07-FEB-2003,2,1,INE371A01025,2,Capital Goods
GRASIM,Grasim Industries Limited,EQ,10-MAY-1995,2,1,INE047A01021,2,Construction Materials
GESHIP,The Great Eastern Shipping Company Limited,EQ,27-NOV-2006,10,1,INE017A01032,10,Services
GRINDWELL,Grindwell Norton Limited,EQ,11-SEP-2006,5,1,INE536A01023,5,Capital Goods
GAEL,Gujarat Ambuja Exports Limited,EQ,11-OCT-2000,1,1,INE036B01030,1,Fast Moving Consumer Goods
FLUOROCHEM,Gujarat Fluorochemicals Limited,EQ,16-OCT-2019,1,1,INE09N301011,1,Chemicals
GUJGASLTD,Gujarat Gas Limited,EQ,15-SEP-2015,2,1,INE844O01030,2,Oil Gas & Consumable Fuels
GMDCLTD,Gujarat Mineral Development Corporation Limited,EQ,17-DEC-1997,2,1,INE131A01031,2,Metals & Mining
GNFC,Gujarat Narmada Valley Fertilizers and Chemicals Limited,EQ,17-MAY-1995,10,1,INE113A01013,10,Chemicals
GPPL,Gujarat Pipavav Port Limited,EQ,09-SEP-2010,10,1,INE517F01014,10,Services
GSFC,Gujarat State Fertilizers & Chemicals Limited,EQ,06-SEP-1995,2,1,INE026A01025,2,Chemicals
GSPL,Gujarat State Petronet Limited,EQ,16-FEB-2006,10,1,INE246F01010,10,Oil Gas & Consumable Fuels
HEG,HEG Limited,EQ,10-MAY-1995,10,1,INE545A01016,10,Capital Goods
HBLPOWER,HBL Power Systems Limited,EQ,04-JAN-2007,1,1,INE292B01021,1,Automobile and Auto Components
HCLTECH,HCL Technologies Limited,EQ,06-JAN-2000,2,1,INE860A01027,2,Information Technology
HDFCAMC,HDFC Asset Management Company Limited,EQ,06-AUG-2018,5,1,INE127D01025,5,Financial Services
HDFCBANK,HDFC Bank Limited,EQ,08-NOV-1995,1,1,INE040A01034,1,Financial Services
HDFCLIFE,HDFC Life Insurance Company Limited,EQ,17-NOV-2017,10,1,INE795G01014,10,Financial Services
HFCL,HFCL Limited,EQ,09-MAR-2011,1,1,INE548A01028,1,Telecommunication
HAPPSTMNDS,Happiest Minds Technologies Limited,EQ,17-SEP-2020,2,1,INE419U01012,2,Information Technology
HAPPYFORGE,Happy Forgings Limited,EQ,27-DEC-2023,2,1,INE330T01021,2,Capital Goods
HAVELLS,Havells India Limited,EQ,21-MAR-2001,1,1,INE176B01034,1,Consumer Durables
HEROMOTOCO,Hero MotoCorp Limited,EQ,11-APR-2003,2,1,INE158A01026,2,Automobile and Auto Components
HSCL,Himadri Speciality Chemical Limited,BE,02-MAR-2007,1,1,INE019C01026,1,Chemicals
HINDALCO,Hindalco Industries Limited,EQ,08-JAN-1997,1,1,INE038A01020,1,Metals & Mining
HAL,Hindustan Aeronautics Limited,EQ,28-MAR-2018,5,1,INE066F01020,5,Capital Goods
HINDCOPPER,Hindustan Copper Limited,EQ,15-SEP-2010,5,1,INE531E01026,5,Metals & Mining
HINDPETRO,Hindustan Petroleum Corporation Limited,EQ,17-JUN-1998,10,1,INE094A01015,10,Oil Gas & Consumable Fuels
HINDUNILVR,Hindustan Unilever Limited,EQ,06-JUL-1995,1,1,INE030A01027,1,Fast Moving Consumer Goods
HINDZINC,Hindustan Zinc Limited,EQ,21-NOV-2006,2,1,INE267A01025,2,Metals & Mining
POWERINDIA,Hitachi Energy India Limited,EQ,30-MAR-2020,2,1,INE07Y701011,2,Capital Goods
HOMEFIRST,Home First Finance Company India Limited,EQ,03-FEB-2021,2,1,INE481N01025,2,Financial Services
HONASA,Honasa Consumer Limited,EQ,07-NOV-2023,10,1,INE0J5401028,10,Fast Moving Consumer Goods
HONAUT,Honeywell Automation India Limited,EQ,18-JUL-2003,10,1,INE671A01010,10,Capital Goods
HUDCO,Housing & Urban Development Corporation Limited,EQ,19-MAY-2017,10,1,INE031A01017,10,Financial Services
ICICIBANK,ICICI Bank Limited,EQ,17-SEP-1997,2,1,INE090A01021,2,Financial Services
ICICIGI,ICICI Lombard General Insurance Company Limited,EQ,27-SEP-2017,10,1,INE765G01017,10,Financial Services
ICICIPRULI,ICICI Prudential Life Insurance Company Limited,EQ,29-SEP-2016,10,1,INE726G01019,10,Financial Services
ISEC,ICICI Securities Limited,EQ,04-APR-2018,5,1,INE763G01038,5,Financial Services
IDBI,IDBI Bank Limited,EQ,20-SEP-1995,10,1,INE008A01015,10,Financial Services
IDFCFIRSTB,IDFC First Bank Limited,EQ,06-NOV-2015,10,1,INE092T01019,10,Financial Services
IDFC,IDFC Limited,EQ,12-AUG-2005,10,1,INE043D01016,10,Financial Services
IIFL,IIFL Finance Limited,EQ,17-MAY-2005,2,1,INE530B01024,2,Financial Services
IRB,IRB Infrastructure Developers Limited,EQ,25-FEB-2008,1,1,INE821I01022,1,Construction
IRCON,Ircon International Limited,EQ,28-SEP-2018,2,1,INE962Y01021,2,Construction
ITC,ITC Limited,EQ,23-AUG-1995,1,1,INE154A01025,1,Fast Moving Consumer Goods
ITI,ITI Limited,EQ,15-SEP-2003,10,1,INE248A01017,10,Telecommunication
INDIACEM,The India Cements Limited,EQ,31-MAY-2000,10,1,INE383A01012,10,Construction Materials
SAMMAANCAP,Indiabulls Housing Finance Limited,EQ,23-JUL-2013,2,1,INE148I01020,2,Financial Services
INDIAMART,Indiamart Intermesh Limited,EQ,04-JUL-2019,10,1,INE933S01016,10,Consumer Services
INDIANB,Indian Bank,EQ,01-MAR-2007,10,1,INE562A01011,10,Financial Services
IEX,Indian Energy Exchange Limited,EQ,23-OCT-2017,1,1,INE022Q01020,1,Financial Services
INDHOTEL,The Indian Hotels Company Limited,EQ,03-JUL-1996,1,1,INE053A01029,1,Consumer Services
IOC,Indian Oil Corporation Limited,EQ,24-JUL-1996,10,1,INE242A01010,10,Oil Gas & Consumable Fuels
IOB,Indian Overseas Bank,EQ,07-DEC-2000,10,1,INE565A01014,10,Financial Services
IRCTC,Indian Railway Catering And Tourism Corporation Limited,EQ,14-OCT-2019,2,1,INE335Y01020,2,Consumer Services
IRFC,Indian Railway Finance Corporation Limited,EQ,29-JAN-2021,10,1,INE053F01010,10,Financial Services
INDIGOPNTS,Indigo Paints Limited,EQ,02-FEB-2021,10,1,INE09VQ01012,10,Consumer Durables
IGL,Indraprastha Gas Limited,EQ,26-DEC-2003,2,1,INE203G01027,2,Oil Gas & Consumable Fuels
INDUSTOWER,Indus Towers Limited,EQ,28-DEC-2012,10,1,INE121J01017,10,Telecommunication
INDUSINDBK,IndusInd Bank Limited,EQ,28-JAN-1998,10,1,INE095A01012,10,Financial Services
NAUKRI,Info Edge (India) Limited,EQ,21-NOV-2006,10,1,INE663F01024,10,Consumer Services
INFY,Infosys Limited,EQ,08-FEB-1995,5,1,INE009A01021,5,Information Technology
INOXWIND,Inox Wind Limited,EQ,09-APR-2015,10,1,INE066P01011,10,Capital Goods
INTELLECT,Intellect Design Arena Limited,EQ,18-DEC-2014,5,1,INE306R01017,5,Information Technology
INDIGO,InterGlobe Aviation Limited,EQ,10-NOV-2015,10,1,INE646L01027,10,Services
IPCALAB,IPCA Laboratories Limited,EQ,08-FEB-1995,1,1,INE571A01038,1,Healthcare
JBCHEPHARM,JB Chemicals & Pharmaceuticals Limited,EQ,29-APR-2003,1,1,INE572A01036,1,Healthcare
JKCEMENT,JK Cement Limited,EQ,14-MAR-2006,10,1,INE823G01014,10,Construction Materials
JBMA,JBM Auto Limited,EQ,17-DEC-2004,2,1,INE927D01044,2,Automobile and Auto Components
JKLAKSHMI,JK Lakshmi Cement Limited,EQ,19-JUN-2006,5,1,INE786A01032,5,Construction Materials
JKPAPER,JK Paper Limited,EQ,16-JUN-2005,10,1,INE789E01012,10,Forest Materials
JMFINANCIL,JM Financial Limited,EQ,10-OCT-2006,1,1,INE780C01023,1,Financial Services
JSWENERGY,JSW Energy Limited,EQ,04-JAN-2010,10,1,INE121E01018,10,Power
JSWINFRA,JSW Infrastructure Limited,EQ,03-OCT-2023,2,1,INE880J01026,2,Services
JSWSTEEL,JSW Steel Limited,EQ,23-MAR-2005,1,1,INE019A01038,1,Metals & Mining
JAIBALAJI,Jai Balaji Industries Limited,BE,09-DEC-2003,10,1,INE091G01018,10,Metals & Mining
J&KBANK,The Jammu & Kashmir Bank Limited,EQ,22-JUL-1998,1,1,INE168A01041,1,Financial Services
JINDALSAW,Jindal Saw Limited,EQ,29-APR-2003,2,1,INE324A01024,2,Capital Goods
JSL,Jindal Stainless Limited,EQ,17-NOV-2003,2,1,INE220G01021,2,Metals & Mining
JINDALSTEL,Jindal Steel & Power Limited,EQ,29-DEC-1999,1,1,INE749A01030,1,Metals & Mining
JIOFIN,Jio Financial Services Limited,EQ,21-AUG-2023,10,1,INE758E01017,10,Financial Services
JUBLFOOD,Jubilant Foodworks Limited,EQ,08-FEB-2010,2,1,INE797F01020,2,Consumer Services
JUBLINGREA,Jubilant Ingrevia Limited,EQ,19-MAR-2021,1,1,INE0BY001018,1,Chemicals
JUBLPHARMA,Jubilant Pharmova Limited,EQ,16-JUN-2003,1,1,INE700A01033,1,Healthcare
JWL,Jupiter Wagons Limited,EQ,18-OCT-2010,10,1,INE209L01016,10,Capital Goods
JUSTDIAL,Just Dial Limited,EQ,05-JUN-2013,10,1,INE599M01018,10,Consumer Services
JYOTHYLAB,Jyothy Labs Limited,EQ,19-DEC-2007,1,1,INE668F01031,1,Fast Moving Consumer Goods
KPRMILL,K.P.R. Mill Limited,EQ,28-AUG-2007,1,1,INE930H01031,1,Textiles
KEI,KEI Industries Limited,EQ,23-MAR-2006,2,1,INE878B01027,2,Capital Goods
KNRCON,KNR Constructions Limited,EQ,18-FEB-2008,2,1,INE634I01029,2,Construction
KPITTECH,KPIT Technologies Limited,EQ,22-APR-2019,10,1,INE04I401011,10,Information Technology
KRBL,KRBL Limited,EQ,21-JAN-2002,1,1,INE001B01026,1,Fast Moving Consumer Goods
KSB,Ksb Limited,EQ,08-FEB-1995,10,1,INE999A01015,10,Capital Goods
KAJARIACER,Kajaria Ceramics Limited,EQ,01-JUN-2004,1,1,INE217B01036,1,Consumer Durables
KPIL,Kalpataru Projects International Limited,EQ,15-DEC-2000,2,1,INE220B01022,2,Construction
KALYANKJIL,Kalyan Jewellers India Limited,EQ,26-MAR-2021,10,1,INE303R01014,10,Consumer Durables
KANSAINER,Kansai Nerolac Paints Limited,EQ,15-SEP-2003,1,1,INE531A01024,1,Consumer Durables
KARURVYSYA,Karur Vysya Bank Limited,EQ,26-JUL-2000,2,1,INE036D01028,2,Financial Services
KAYNES,Kaynes Technology India Limited,EQ,22-NOV-2022,10,1,INE918Z01012,10,Capital Goods
KEC,KEC International Limited,EQ,10-MAR-2006,2,1,INE389H01022,2,Construction
KFINTECH,Kfin Technologies Limited,EQ,29-DEC-2022,10,1,INE138Y01010,10,Financial Services
KOTAKBANK,Kotak Mahindra Bank Limited,EQ,20-DEC-1995,5,1,INE237A01028,5,Financial Services
KIMS,Krishna Institute of Medical Sciences Limited,EQ,28-JUN-2021,10,1,INE967H01017,10,Healthcare
LTF,L&T Finance Limited,EQ,12-AUG-2011,10,1,INE498L01015,10,Financial Services
LTTS,L&T Technology Services Limited,EQ,23-SEP-2016,2,1,INE010V01017,2,Information Technology
LICHSGFIN,LIC Housing Finance Limited,EQ,29-JUL-1998,2,1,INE115A01026,2,Financial Services
LTIM,LTIMindtree Limited,EQ,21-JUL-2016,1,1,INE214T01019,1,Information Technology
LT,Larsen & Toubro Limited,EQ,23-JUN-2004,2,1,INE018A01030,2,Construction
LATENTVIEW,Latent View Analytics Limited,BE,23-NOV-2021,1,1,INE0I7C01011,1,Information Technology
LAURUSLABS,Laurus Labs Limited,EQ,19-DEC-2016,2,1,INE947Q01028,2,Healthcare
LXCHEM,Laxmi Organic Industries Limited,EQ,25-MAR-2021,2,1,INE576O01020,2,Chemicals
LEMONTREE,Lemon Tree Hotels Limited,EQ,09-APR-2018,10,1,INE970X01018,10,Consumer Services
LICI,Life Insurance Corporation Of India,EQ,17-MAY-2022,10,1,INE0J1Y01017,10,Financial Services
LINDEINDIA,Linde India Limited,EQ,16-JUN-1999,10,1,INE473A01011,10,Chemicals
LLOYDSME,Lloyds Metals And Energy Limited,EQ,17-JUL-2023,1,1,INE281B01032,1,Metals & Mining
LUPIN,Lupin Limited,EQ,10-SEP-2001,2,1,INE326A01037,2,Healthcare
MMTC,MMTC Limited,EQ,09-APR-2012,1,1,INE123F01029,1,Services
MRF,MRF Limited,EQ,18-SEP-1996,10,1,INE883A01011,10,Automobile and Auto Components
MTARTECH,Mtar Technologies Limited,EQ,15-MAR-2021,10,1,INE864I01014,10,Capital Goods
LODHA,Macrotech Developers Limited,EQ,19-APR-2021,10,1,INE670K01029,10,Realty
MGL,Mahanagar Gas Limited,EQ,01-JUL-2016,10,1,INE002S01010,10,Oil Gas & Consumable Fuels
MAHSEAMLES,Maharashtra Seamless Limited,EQ,25-AUG-2004,5,1,INE271B01025,5,Capital Goods
M&MFIN,Mahindra & Mahindra Financial Services Limited,EQ,17-MAR-2006,2,1,INE774D01024,2,Financial Services
M&M,Mahindra & Mahindra Limited,EQ,03-JAN-1996,5,1,INE101A01026,5,Automobile and Auto Components
MHRIL,Mahindra Holidays & Resorts India Limited,EQ,16-JUL-2009,10,1,INE998I01010,10,Consumer Services
MAHLIFE,Mahindra Lifespace Developers Limited,EQ,10-MAY-2000,10,1,INE813A01018,10,Realty
MANAPPURAM,Manappuram Finance Limited,EQ,01-DEC-2014,2,1,INE522D01027,2,Financial Services
MRPL,Mangalore Refinery and Petrochemicals Limited,EQ,07-JAN-2005,10,1,INE103A01014,10,Oil Gas & Consumable Fuels
MANKIND,Mankind Pharma Limited,EQ,09-MAY-2023,1,1,INE634S01028,1,Healthcare
MARICO,Marico Limited,EQ,01-MAY-1996,1,1,INE196A01026,1,Fast Moving Consumer Goods
MARUTI,Maruti Suzuki India Limited,EQ,09-JUL-2003,5,1,INE585B01010,5,Automobile and Auto Components
MASTEK,Mastek Limited,EQ,10-MAY-1995,5,1,INE759A01021,5,Information Technology
MFSL,Max Financial Services Limited,EQ,17-MAY-2000,2,1,INE180A01020,2,Financial Services
MAXHEALTH,Max Healthcare Institute Limited,EQ,21-AUG-2020,10,1,INE027H01010,10,Healthcare
MAZDOCK,Mazagon Dock Shipbuilders Limited,EQ,12-OCT-2020,10,1,INE249Z01012,10,Capital Goods
MEDPLUS,Medplus Health Services Limited,EQ,23-DEC-2021,2,1,INE804L01022,2,Consumer Services
METROBRAND,Metro Brands Limited,EQ,22-DEC-2021,5,1,INE317I01021,5,Consumer Durables
METROPOLIS,Metropolis Healthcare Limited,EQ,15-APR-2019,2,1,INE112L01020,2,Healthcare
MINDACORP,Minda Corporation Limited,EQ,16-OCT-2014,2,1,INE842C01021,2,Automobile and Auto Components
MSUMI,Motherson Sumi Wiring India Limited,EQ,28-MAR-2022,1,1,INE0FS801015,1,Automobile and Auto Components
MOTILALOFS,Motilal Oswal Financial Services Limited,EQ,11-SEP-2007,1,1,INE338I01027,1,Financial Services
MPHASIS,MphasiS Limited,EQ,04-JUN-2004,10,1,INE356A01018,10,Information Technology
MCX,Multi Commodity Exchange of India Limited,EQ,09-MAR-2012,10,1,INE745G01035,10,Financial Services
MUTHOOTFIN,Muthoot Finance Limited,EQ,06-MAY-2011,10,1,INE414G01012,10,Financial Services
NATCOPHARM,Natco Pharma Limited,EQ,27-DEC-1995,2,1,INE987B01026,2,Healthcare
NBCC,NBCC (India) Limited,EQ,12-APR-2012,1,1,INE095N01031,1,Construction
NCC,NCC Limited,EQ,14-OCT-2003,2,1,INE868B01028,2,Construction
NHPC,NHPC Limited,EQ,01-SEP-2009,10,1,INE848E01016,10,Power
NLCINDIA,NLC India Limited,EQ,23-AUG-2000,10,1,INE589A01014,10,Power
NMDC,NMDC Limited,EQ,03-MAR-2008,1,1,INE584A01023,1,Metals & Mining
NSLNISP,NMDC Steel Limited,EQ,20-FEB-2023,10,1,INE0NNS01018,10,Metals & Mining
NTPC,NTPC Limited,EQ,05-NOV-2004,10,1,INE733E01010,10,Power
NH,Narayana Hrudayalaya Ltd.,EQ,06-JAN-2016,10,1,INE410P01011,10,Healthcare
NATIONALUM,National Aluminium Company Limited,EQ,28-APR-1999,5,1,INE139A01034,5,Metals & Mining
NAVINFLUOR,Navin Fluorine International Limited,EQ,01-JUN-2007,2,1,INE048G01026,2,Chemicals
NESTLEIND,Nestle India Limited,EQ,01-AUG-2023,1,1,INE239A01024,1,Fast Moving Consumer Goods
NETWORK18,Network18 Media & Investments Limited,EQ,02-FEB-2007,5,1,INE870H01013,5,Media Entertainment & Publication
NAM-INDIA,Nippon Life India Asset Management Limited,EQ,06-NOV-2017,10,1,INE298J01013,10,Financial Services
NUVAMA,Nuvama Wealth Management Limited,EQ,26-SEP-2023,10,1,INE531F01015,10,Financial Services
NUVOCO,Nuvoco Vistas Corporation Limited,EQ,23-AUG-2021,10,1,INE118D01016,10,Construction Materials
OBEROIRLTY,Oberoi Realty Limited,EQ,20-OCT-2010,10,1,INE093I01010,10,Realty
ONGC,Oil & Natural Gas Corporation Limited,EQ,19-JUL-1995,5,1,INE213A01029,5,Oil Gas & Consumable Fuels
OIL,Oil India Limited,EQ,30-SEP-2009,10,1,INE274J01014,10,Oil Gas & Consumable Fuels
OLECTRA,Olectra Greentech Limited,EQ,20-MAR-2002,4,1,INE260D01016,4,Automobile and Auto Components
PAYTM,One 97 Communications Limited,EQ,18-NOV-2021,1,1,INE982J01020,1,Financial Services
OFSS,Oracle Financial Services Software Limited,EQ,28-JUN-2002,5,1,INE881D01027,5,Information Technology
POLICYBZR,PB Fintech Limited,EQ,15-NOV-2021,2,1,INE417T01026,2,Financial Services
PCBL,PCBL LIMITED,EQ,29-MAR-1995,1,1,INE602A01031,1,Chemicals
PIIND,PI Industries Limited,EQ,15-JUN-2011,1,1,INE603J01030,1,Chemicals
PNBHOUSING,PNB Housing Finance Limited,EQ,07-NOV-2016,10,1,INE572E01012,10,Financial Services
PNCINFRA,PNC Infratech Limited,EQ,26-MAY-2015,2,1,INE195J01029,2,Construction
PVRINOX,PVR INOX Limited,EQ,04-JAN-2006,10,1,INE191H01014,10,Media Entertainment & Publication
PAGEIND,Page Industries Limited,EQ,16-MAR-2007,10,1,INE761H01022,10,Textiles
PATANJALI,Patanjali Foods Limited,EQ,24-JAN-2020,2,1,INE619A01035,2,Fast Moving Consumer Goods
PERSISTENT,Persistent Systems Limited,EQ,06-APR-2010,5,1,INE262H01021,5,Information Technology
PETRONET,Petronet LNG Limited,EQ,26-MAR-2004,10,1,INE347G01014,10,Oil Gas & Consumable Fuels
PHOENIXLTD,The Phoenix Mills Limited,EQ,23-APR-2007,2,1,INE211B01039,2,Realty
PIDILITIND,Pidilite Industries Limited,EQ,29-MAR-1995,1,1,INE318A01026,1,Chemicals
PEL,Piramal Enterprises Limited,EQ,08-FEB-1995,2,1,INE140A01024,2,Financial Services
PPLPHARMA,Piramal Pharma Limited,EQ,19-OCT-2022,10,1,INE0DK501011,10,Healthcare
POLYMED,Poly Medicure Limited,EQ,07-DEC-2011,5,1,INE205C01021,5,Healthcare
POLYCAB,Polycab India Limited,EQ,16-APR-2019,10,1,INE455K01017,10,Capital Goods
POONAWALLA,Poonawalla Fincorp Limited,EQ,27-APR-2004,2,1,INE511C01022,2,Financial Services
PFC,Power Finance Corporation Limited,EQ,23-FEB-2007,10,1,INE134E01011,10,Financial Services
POWERGRID,Power Grid Corporation of India Limited,EQ,05-OCT-2007,10,1,INE752E01010,10,Power
PRAJIND,Praj Industries Limited,EQ,11-OCT-1995,2,1,INE074A01025,2,Capital Goods
PRESTIGE,Prestige Estates Projects Limited,EQ,27-OCT-2010,10,1,INE811K01011,10,Realty
PRINCEPIPE,Prince Pipes And Fittings Limited,EQ,30-DEC-2019,10,1,INE689W01016,10,Capital Goods
PRSMJOHNSN,Prism Johnson Limited,EQ,20-AUG-2003,10,1,INE010A01011,10,Construction Materials
PGHH,Procter & Gamble Hygiene and Health Care Limited,EQ,07-JUL-2004,10,1,INE179A01014,10,Fast Moving Consumer Goods
PNB,Punjab National Bank,EQ,24-APR-2002,2,1,INE160A01022,2,Financial Services
QUESS,Quess Corp Limited,EQ,12-JUL-2016,10,1,INE615P01015,10,Services
RRKABEL,R R Kabel Limited,EQ,20-SEP-2023,5,1,INE777K01022,5,Capital Goods
RBLBANK,RBL Bank Limited,EQ,31-AUG-2016,10,1,INE976G01028,10,Financial Services
RECLTD,REC Limited,EQ,12-MAR-2008,10,1,INE020B01018,10,Financial Services
RHIM,RHI MAGNESITA INDIA LIMITED,EQ,12-MAR-2012,1,1,INE743M01012,1,Capital Goods
RITES,RITES Limited,EQ,02-JUL-2018,10,1,INE320J01015,10,Construction
RADICO,Radico Khaitan Limited,EQ,18-JUN-2003,2,1,INE944F01028,2,Fast Moving Consumer Goods
RVNL,Rail Vikas Nigam Limited,EQ,11-APR-2019,10,1,INE415G01027,10,Construction
RAILTEL,Railtel Corporation Of India Limited,EQ,26-FEB-2021,10,1,INE0DD101019,10,Telecommunication
RAINBOW,Rainbow Childrens Medicare Limited,EQ,10-MAY-2022,10,1,INE961O01016,10,Healthcare
RAJESHEXPO,Rajesh Exports Limited,EQ,09-FEB-2000,1,1,INE343B01030,1,Consumer Durables
RKFORGE,Ramkrishna Forgings Limited,EQ,05-MAY-2004,2,1,INE399G01023,2,Automobile and Auto Components
RCF,Rashtriya Chemicals and Fertilizers Limited,EQ,07-JAN-1998,10,1,INE027A01015,10,Chemicals
RATNAMANI,Ratnamani Metals & Tubes Limited,EQ,09-MAY-2006,2,1,INE703B01027,2,Capital Goods
RTNINDIA,RattanIndia Enterprises Limited,EQ,30-JUL-2012,2,1,INE834M01019,2,Consumer Services
RAYMOND,Raymond Limited,EQ,18-OCT-1995,10,1,INE301A01014,10,Textiles
REDINGTON,Redington Limited,EQ,15-FEB-2007,2,1,INE891D01026,2,Services
RELIANCE,Reliance Industries Limited,EQ,29-NOV-1995,10,1,INE002A01018,10,Oil Gas & Consumable Fuels
RBA,Restaurant Brands Asia Limited,EQ,14-DEC-2020,10,1,INE07T201019,10,Consumer Services
ROUTE,ROUTE MOBILE LIMITED,EQ,21-SEP-2020,10,1,INE450U01017,10,Telecommunication
SBFC,SBFC Finance Limited,EQ,16-AUG-2023,10,1,INE423Y01016,10,Financial Services
SBICARD,SBI Cards and Payment Services Limited,EQ,16-MAR-2020,10,1,INE018E01016,10,Financial Services
SBILIFE,SBI Life Insurance Company Limited,EQ,03-OCT-2017,10,1,INE123W01016,10,Financial Services
SJVN,SJVN Limited,EQ,20-MAY-2010,10,1,INE002L01015,10,Power
SKFINDIA,SKF India Limited,EQ,27-JAN-1999,10,1,INE640A01023,10,Capital Goods
SRF,SRF Limited,EQ,18-AUG-2003,10,1,INE647A01010,10,Chemicals
SAFARI,Safari Industries (India) Limited,EQ,12-SEP-2019,2,1,INE429E01023,2,Consumer Durables
MOTHERSON,Samvardhana Motherson International Limited,EQ,14-AUG-1996,1,1,INE775A01035,1,Automobile and Auto Components
SANOFI,Sanofi India Limited,EQ,19-MAY-2003,10,1,INE058A01010,10,Healthcare
SAPPHIRE,Sapphire Foods India Limited,EQ,18-NOV-2021,10,1,INE806T01012,10,Consumer Services
SAREGAMA,Saregama India Limited,EQ,30-JUL-1997,1,1,INE979A01025,1,Media Entertainment & Publication
SCHAEFFLER,Schaeffler India Limited,EQ,29-NOV-2000,2,1,INE513A01022,2,Automobile and Auto Components
SCHNEIDER,Schneider Electric Infrastructure Limited,BE,20-MAR-2012,2,1,INE839M01018,2,Capital Goods
SHREECEM,SHREE CEMENT LIMITED,EQ,26-APR-1995,10,1,INE070A01015,10,Construction Materials
RENUKA,Shree Renuka Sugars Limited,EQ,31-OCT-2005,1,1,INE087H01022,1,Fast Moving Consumer Goods
SHRIRAMFIN,Shriram Finance Limited,EQ,11-DEC-1996,10,1,INE721A01013,10,Financial Services
SHYAMMETL,Shyam Metalics and Energy Limited,EQ,24-JUN-2021,10,1,INE810G01011,10,Capital Goods
SIEMENS,Siemens Limited,EQ,06-SEP-1995,2,1,INE003A01024,2,Capital Goods
SIGNATURE,Signatureglobal (India) Limited,EQ,27-SEP-2023,1,1,INE903U01023,1,Realty
SOBHA,Sobha Limited,EQ,20-DEC-2006,10,1,INE671H01015,10,Realty
SOLARINDS,Solar Industries India Limited,EQ,03-APR-2006,2,1,INE343H01029,2,Chemicals
SONACOMS,Sona BLW Precision Forgings Limited,EQ,24-JUN-2021,10,1,INE073K01018,10,Automobile and Auto Components
SONATSOFTW,Sonata Software Limited,EQ,28-JUL-1999,1,1,INE269A01021,1,Information Technology
STARHEALTH,Star Health and Allied Insurance Company Limited,EQ,10-DEC-2021,10,1,INE575P01011,10,Financial Services
SBIN,State Bank of India,EQ,01-MAR-1995,1,1,INE062A01020,1,Financial Services
SAIL,Steel Authority of India Limited,EQ,06-JUL-1995,10,1,INE114A01011,10,Metals & Mining
SWSOLAR,Sterling and Wilson Renewable Energy Limited,EQ,20-AUG-2019,1,1,INE00M201021,1,Construction
STLTECH,Sterlite Technologies Limited,EQ,08-DEC-2000,2,1,INE089C01029,2,Telecommunication
SUMICHEM,Sumitomo Chemical India Limited,EQ,27-JAN-2020,10,1,INE258G01013,10,Chemicals
SPARC,Sun Pharma Advanced Research Company Limited,EQ,18-JUL-2007,1,1,INE232I01014,1,Healthcare
SUNPHARMA,Sun Pharmaceutical Industries Limited,EQ,08-FEB-1995,1,1,INE044A01036,1,Healthcare
SUNTV,Sun TV Network Limited,EQ,24-APR-2006,5,1,INE424H01027,5,Media Entertainment & Publication
SUNDARMFIN,Sundaram Finance Limited,EQ,07-JAN-1998,10,1,INE660A01013,10,Financial Services
SUNDRMFAST,Sundram Fasteners Limited,EQ,07-JUN-2000,1,1,INE387A01021,1,Automobile and Auto Components
SUNTECK,Sunteck Realty Limited,EQ,13-NOV-2009,1,1,INE805D01034,1,Realty
SUPREMEIND,Supreme Industries Limited,EQ,19-JUL-1995,2,1,INE195A01028,2,Capital Goods
SUVENPHAR,Suven Pharmaceuticals Limited,EQ,09-MAR-2020,1,1,INE03QK01018,1,Healthcare
SUZLON,Suzlon Energy Limited,BE,19-OCT-2005,2,1,INE040H01021,2,Capital Goods
SWANENERGY,Swan Energy Limited,EQ,29-MAY-2012,1,1,INE665A01038,1,Diversified
SYNGENE,Syngene International Limited,EQ,11-AUG-2015,10,1,INE398R01022,10,Healthcare
SYRMA,Syrma SGS Technology Limited,EQ,26-AUG-2022,10,1,INE0DYJ01015,10,Capital Goods
TVSMOTOR,TVS Motor Company Limited,EQ,02-AUG-2000,1,1,INE494B01023,1,Automobile and Auto Components
TVSSCS,TVS Supply Chain Solutions Limited,EQ,23-AUG-2023,1,1,INE395N01027,1,Services
TMB,Tamilnad Mercantile Bank Limited,EQ,15-SEP-2022,10,1,INE668A01016,10,Financial Services
TANLA,Tanla Platforms Limited,EQ,05-JAN-2007,1,1,INE483C01032,1,Information Technology
TATACHEM,Tata Chemicals Limited,EQ,01-APR-1999,10,1,INE092A01019,10,Chemicals
TATACOMM,Tata Communications Limited,EQ,12-APR-1995,10,1,INE151A01013,10,Telecommunication
TCS,Tata Consultancy Services Limited,EQ,25-AUG-2004,1,1,INE467B01029,1,Information Technology
TATACONSUM,TATA CONSUMER PRODUCTS LIMITED,EQ,18-NOV-1998,1,1,INE192A01025,1,Fast Moving Consumer Goods
TATAELXSI,Tata Elxsi Limited,EQ,17-SEP-2003,10,1,INE670A01012,10,Information Technology
TATAINVEST,Tata Investment Corporation Limited,BE,24-JUN-1998,10,1,INE672A01018,10,Financial Services
TATAMOTORS,Tata Motors Limited,EQ,22-JUL-1998,2,1,INE155A01022,2,Automobile and Auto Components
TATAPOWER,Tata Power Company Limited,EQ,03-APR-1996,1,1,INE245A01021,1,Power
TATASTEEL,Tata Steel Limited,EQ,18-NOV-1998,1,1,INE081A01020,1,Metals & Mining
TATATECH,Tata Technologies Limited,EQ,30-NOV-2023,2,1,INE142M01025,2,Information Technology
TTML,Tata Teleservices (Maharashtra) Limited,EQ,20-OCT-2000,10,1,INE517B01013,10,Telecommunication
TECHM,Tech Mahindra Limited,EQ,28-AUG-2006,5,1,INE669C01036,5,Information Technology
TEJASNET,Tejas Networks Limited,EQ,27-JUN-2017,10,1,INE010J01012,10,Telecommunication
NIACL,The New India Assurance Company Limited,EQ,13-NOV-2017,5,1,INE470Y01017,5,Financial Services
RAMCOCEM,The Ramco Cements Limited,EQ,09-APR-1997,1,1,INE331A01037,1,Construction Materials
THERMAX,Thermax Limited,EQ,30-AUG-1995,2,1,INE152A01029,2,Capital Goods
TIMKEN,Timken India Limited,EQ,06-FEB-2007,10,1,INE325A01013,10,Capital Goods
TITAGARH,TITAGARH RAIL SYSTEMS LIMITED,EQ,21-APR-2008,2,1,INE615H01020,2,Capital Goods
TITAN,Titan Company Limited,EQ,24-SEP-2004,1,1,INE280A01028,1,Consumer Durables
TORNTPHARM,Torrent Pharmaceuticals Limited,EQ,25-NOV-2002,5,1,INE685A01028,5,Healthcare
TORNTPOWER,Torrent Power Limited,EQ,28-NOV-2006,10,1,INE813H01021,10,Power
TRENT,Trent Limited,EQ,07-JUN-2004,1,1,INE849A01020,1,Consumer Services
TRIDENT,Trident Limited,EQ,21-FEB-2001,1,1,INE064C01022,1,Textiles
TRIVENI,Triveni Engineering & Industries Limited,EQ,13-DEC-2005,1,1,INE256C01024,1,Fast Moving Consumer Goods
TRITURBINE,Triveni Turbine Limited,EQ,28-OCT-2011,1,1,INE152M01016,1,Capital Goods
TIINDIA,Tube Investments of India Limited,EQ,02-NOV-2017,1,1,INE974X01010,1,Automobile and Auto Components
UCOBANK,UCO Bank,EQ,09-OCT-2003,10,1,INE691A01018,10,Financial Services
UNOMINDA,UNO Minda Limited,EQ,02-FEB-2007,2,1,INE405E01023,2,Automobile and Auto Components
UPL,UPL Limited,EQ,23-JAN-2004,2,1,INE628A01036,2,Chemicals
UTIAMC,UTI Asset Management Company Limited,EQ,12-OCT-2020,10,1,INE094J01016,10,Financial Services
UJJIVANSFB,Ujjivan Small Finance Bank Limited,EQ,12-DEC-2019,10,1,INE551W01018,10,Financial Services
ULTRACEMCO,UltraTech Cement Limited,EQ,24-AUG-2004,10,1,INE481G01011,10,Construction Materials
UNIONBANK,Union Bank of India,EQ,24-SEP-2002,10,1,INE692A01016,10,Financial Services
UBL,United Breweries Limited,EQ,28-JUL-2008,1,1,INE686F01025,1,Fast Moving Consumer Goods
USHAMART,Usha Martin Limited,EQ,11-OCT-2000,1,1,INE228A01035,1,Capital Goods
VGUARD,V-Guard Industries Limited,EQ,13-MAR-2008,1,1,INE951I01027,1,Consumer Durables
VIPIND,VIP Industries Limited,EQ,02-MAR-2005,2,1,INE054A01027,2,Consumer Durables
VAIBHAVGBL,Vaibhav Global Limited,EQ,05-APR-2004,2,1,INE884A01027,2,Consumer Durables
VTL,Vardhman Textiles Limited,EQ,14-JAN-2003,2,1,INE825A01020,2,Textiles
VARROC,Varroc Engineering Limited,EQ,06-JUL-2018,1,1,INE665L01035,1,Automobile and Auto Components
VBL,Varun Beverages Limited,EQ,08-NOV-2016,5,1,INE200M01021,5,Fast Moving Consumer Goods
MANYAVAR,Vedant Fashions Limited,EQ,16-FEB-2022,1,1,INE825V01034,1,Consumer Services
VEDL,Vedanta Limited,EQ,13-MAY-1998,1,1,INE205A01025,1,Metals & Mining
VIJAYA,Vijaya Diagnostic Centre Limited,EQ,14-SEP-2021,1,1,INE043W01024,1,Healthcare
IDEA,Vodafone Idea Limited,EQ,09-MAR-2007,10,1,INE669E01016,10,Telecommunication
VOLTAS,Voltas Limited,EQ,12-APR-1995,1,1,INE226A01021,1,Consumer Durables
WELCORP,Welspun Corp Limited,EQ,24-MAY-2005,5,1,INE191B01025,5,Capital Goods
WELSPUNLIV,Welspun Living Limited,EQ,04-DEC-2003,1,1,INE192B01031,1,Textiles
WESTLIFE,WESTLIFE FOODWORLD LIMITED,EQ,05-JUN-2023,2,1,INE274F01020,2,Consumer Services
WHIRLPOOL,Whirlpool of India Limited,EQ,06-APR-2010,10,1,INE716A01013,10,Consumer Durables
WIPRO,Wipro Limited,EQ,08-NOV-1995,2,1,INE075A01022,2,Information Technology
YESBANK,Yes Bank Limited,EQ,12-JUL-2005,2,1,INE528G01035,2,Financial Services
ZFCVINDIA,ZF Commercial Vehicle Control Systems India Limited,EQ,01-OCT-2008,5,1,INE342J01019,5,Automobile and Auto Components
ZEEL,Zee Entertainment Enterprises Limited,EQ,09-SEP-1998,1,1,INE256A01028,1,Media Entertainment & Publication
ZENSARTECH,Zensar Technologies Limited,EQ,09-JUL-2003,2,1,INE520A01027,2,Information Technology
ZOMATO,Zomato Limited,EQ,23-JUL-2021,1,1,INE758T01015,1,Consumer Services
ZYDUSLIFE,Zydus Lifesciences Limited,EQ,18-APR-2000,1,1,INE010B01027,1,Healthcare
ECLERX,eClerx Services Limited,EQ,31-DEC-2007,10,1,INE738I01010,10,Services
